id,first_name,last_name,email,gender,ip_address
1,Ellwood,Kingsmill,ekingsmill0@apple.com,Male,91.211.80.2
2,Brenna,Ropkes,bropkes1@liveinternet.ru,Female,86.79.96.185
3,Jeannie,Phethean,jphethean2@github.com,Female,243.142.0.250
4,Gaultiero,Crosier,gcrosier3@bravesites.com,Male,180.249.8.163
5,Judie,Helks,jhelks4@yolasite.com,Female,158.31.160.102
6,Sara,Kingshott,skingshott5@1und1.de,Female,78.245.160.105
7,Irena,Snuggs,isnuggs6@a8.net,Female,173.194.39.4
8,Morton,MacMeanma,mmacmeanma7@live.com,Male,227.180.112.13
9,Theressa,Flintoff,tflintoff8@sun.com,Female,35.214.73.133
10,Stormie,Wainscoat,swainscoat9@java.com,Female,229.219.105.199
11,Marylou,Cuddehay,mcuddehaya@de.vu,Female,72.127.126.46
12,Cassandre,Beckwith,cbeckwithb@buzzfeed.com,Female,56.176.167.168
13,Claudian,Boig,cboigc@reddit.com,Male,25.222.135.196
14,Sharity,Kilborn,skilbornd@slideshare.net,Female,105.117.124.224
15,Henriette,Elwel,helwele@purevolume.com,Female,206.19.128.35
16,Maureene,Mourton,mmourtonf@shinystat.com,Female,249.54.139.216
17,Erhart,Cuffley,ecuffleyg@behance.net,Male,178.79.210.230
18,Ailey,Pullman,apullmanh@dailymotion.com,Female,219.92.179.204
19,Engracia,Hakeworth,ehakeworthi@microsoft.com,Female,146.132.139.48
20,Ian,Ector,iectorj@newsvine.com,Male,190.47.226.56
21,Wanids,Sidney,wsidneyk@accuweather.com,Female,116.180.56.41
22,Nealy,Oggers,noggersl@google.it,Male,68.111.30.189
23,Jacquenette,Jaycock,jjaycockm@newsvine.com,Genderfluid,250.245.166.98
24,Wylma,Leborgne,wleborgnen@storify.com,Female,7.43.59.150
25,Gladi,Suston,gsustono@dagondesign.com,Female,41.179.83.226
26,Cullen,Beckingham,cbeckinghamp@bigcartel.com,Genderfluid,106.37.114.232
27,Roby,Pouck,rpouckq@purevolume.com,Female,31.222.9.207
28,Lance,Smithson,lsmithsonr@yolasite.com,Male,255.120.157.243
29,Brandy,Greveson,bgrevesons@mlb.com,Female,183.11.124.49
30,Inna,Stilly,istillyt@booking.com,Female,55.150.152.186
31,Phil,Perrelli,pperrelliu@nationalgeographic.com,Male,185.196.207.184
32,Perceval,Goby,pgobyv@surveymonkey.com,Male,89.197.5.59
33,Melisse,Towll,mtowllw@earthlink.net,Female,237.92.58.209
34,Jorgan,Patshull,jpatshullx@lulu.com,Male,174.94.195.119
35,Jaine,Cake,jcakey@jimdo.com,Female,127.43.199.181
36,Margery,Lube,mlubez@altervista.org,Female,14.243.180.192
37,Tiler,Frisel,tfrisel10@eventbrite.com,Male,68.111.34.88
38,Magdalen,McCaughey,mmccaughey11@indiegogo.com,Polygender,51.152.164.214
39,Tobye,Kelleher,tkelleher12@npr.org,Female,76.15.228.22
40,Thom,MacMarcuis,tmacmarcuis13@noaa.gov,Bigender,41.236.95.153
41,Dorothy,Crevagh,dcrevagh14@live.com,Female,48.219.133.9
42,Hans,Touson,htouson15@yellowbook.com,Male,229.245.18.28
43,Caye,Milne,cmilne16@stanford.edu,Female,246.222.208.207
44,Rusty,Wetheril,rwetheril17@eepurl.com,Male,23.148.26.225
45,Gregoor,Fardon,gfardon18@yelp.com,Male,6.211.188.253
46,Maurine,Vany,mvany19@cornell.edu,Female,245.154.43.45
47,Ginnifer,Geach,ggeach1a@intel.com,Bigender,105.228.235.220
48,Ursuline,Kelleher,ukelleher1b@amazon.co.jp,Female,149.162.227.181
49,Peria,Young,pyoung1c@kickstarter.com,Female,34.39.45.3
50,Bernie,Pyle,bpyle1d@dagondesign.com,Female,231.231.36.243
51,Arron,McWhorter,amcwhorter1e@ucoz.com,Agender,69.172.20.179
52,Desdemona,Havvock,dhavvock1f@tiny.cc,Female,5.212.63.166
53,Pam,Daniely,pdaniely1g@clickbank.net,Female,48.240.211.204
54,Tristam,Josefsen,tjosefsen1h@yale.edu,Male,87.125.20.75
55,Cletis,Skellon,cskellon1i@slideshare.net,Male,27.48.31.5
56,Esme,Allchorn,eallchorn1j@ow.ly,Female,232.246.168.112
57,Gwenora,Jancey,gjancey1k@hibu.com,Female,111.242.164.243
58,Kikelia,Shearn,kshearn1l@utexas.edu,Female,168.229.81.219
59,Giff,Demangeot,gdemangeot1m@who.int,Male,177.9.179.93
60,Blayne,Aynscombe,baynscombe1n@dot.gov,Male,163.169.19.18
61,Dalli,Buist,dbuist1o@rediff.com,Male,97.163.4.180
62,Claudian,Potteridge,cpotteridge1p@hc360.com,Male,145.90.248.51
63,Chad,Davidsohn,cdavidsohn1q@reddit.com,Male,162.194.229.181
64,Tatiania,Tomson,ttomson1r@senate.gov,Genderqueer,96.222.99.97
65,Jacquenetta,Wenderott,jwenderott1s@tripadvisor.com,Female,241.30.51.51
66,Lynea,Ferrarin,lferrarin1t@people.com.cn,Female,122.133.131.175
67,Legra,Aitken,laitken1u@scientificamerican.com,Female,161.96.1.6
68,Dana,Dockerty,ddockerty1v@loc.gov,Female,133.253.190.234
69,Care,Measor,cmeasor1w@godaddy.com,Male,80.179.106.8
70,Quinta,Sinkings,qsinkings1x@house.gov,Genderfluid,236.227.204.226
71,Darryl,Shelper,dshelper1y@yahoo.com,Male,162.246.99.0
72,Kiel,Adame,kadame1z@huffingtonpost.com,Male,29.218.126.150
73,Linc,Forber,lforber20@japanpost.jp,Male,127.114.128.106
74,Cornell,Lamplugh,clamplugh21@so-net.ne.jp,Male,192.130.162.164
75,Sim,Kearford,skearford22@jugem.jp,Male,225.20.35.146
76,Pansy,Rosenbarg,prosenbarg23@feedburner.com,Genderqueer,128.175.53.20
77,Yetta,Pfleger,ypfleger24@freewebs.com,Female,222.135.165.11
78,Dionisio,Molnar,dmolnar25@illinois.edu,Male,83.115.74.28
79,Starlene,McCowan,smccowan26@dot.gov,Female,0.140.81.243
80,Petra,Saylor,psaylor27@unblog.fr,Female,150.249.74.72
81,Rickert,Duddy,rduddy28@hexun.com,Male,116.167.92.198
82,Cori,Petken,cpetken29@imageshack.us,Male,35.171.34.222
83,Ned,Petry,npetry2a@nbcnews.com,Male,255.159.48.18
84,Mitch,Humbert,mhumbert2b@istockphoto.com,Male,190.50.109.236
85,Morgan,MacMichael,mmacmichael2c@de.vu,Male,108.18.204.203
86,Audrey,Edmett,aedmett2d@hubpages.com,Female,154.246.253.54
87,Lesley,Godthaab,lgodthaab2e@google.ru,Male,50.56.118.155
88,Yolanda,Cullington,ycullington2f@addtoany.com,Female,93.160.210.57
89,Carmela,Flew,cflew2g@diigo.com,Genderqueer,187.129.24.9
90,Esther,Caustic,ecaustic2h@smh.com.au,Female,13.215.195.183
91,Linette,Bonnell,lbonnell2i@youku.com,Female,124.141.176.202
92,Woody,Ealam,wealam2j@thetimes.co.uk,Male,199.108.246.129
93,Tedda,Minghetti,tminghetti2k@goodreads.com,Female,137.97.51.227
94,Idalina,Postgate,ipostgate2l@ca.gov,Female,43.115.139.74
95,Harald,Adamou,hadamou2m@alibaba.com,Male,93.144.246.77
96,Maye,Croucher,mcroucher2n@unc.edu,Female,91.25.184.65
97,Lyndell,Mixon,lmixon2o@house.gov,Female,216.95.98.146
98,Waylen,Lodeke,wlodeke2p@wsj.com,Male,7.122.49.233
99,Efren,Banford,ebanford2q@vk.com,Male,11.214.87.179
100,Constance,Croser,ccroser2r@unesco.org,Female,27.122.90.71
101,Tabbitha,Iacovozzo,tiacovozzo2s@pagesperso-orange.fr,Female,190.169.148.43
102,Catherin,Vyel,cvyel2t@plala.or.jp,Female,255.188.22.198
103,Leigh,Amiranda,lamiranda2u@dailymotion.com,Female,31.63.224.218
104,Delmore,Maleney,dmaleney2v@about.com,Male,249.200.6.19
105,Laural,Binch,lbinch2w@ning.com,Female,124.191.254.189
106,Hilario,Creany,hcreany2x@google.co.uk,Male,132.80.78.39
107,Darn,Buncher,dbuncher2y@state.gov,Male,224.250.202.241
108,Nicholle,Sleith,nsleith2z@wired.com,Female,157.53.180.238
109,Connie,Woodley,cwoodley30@theatlantic.com,Male,45.234.60.184
110,Bear,Brotherhood,bbrotherhood31@phoca.cz,Male,20.190.130.60
111,Marys,Judson,mjudson32@yale.edu,Female,57.160.206.102
112,Evelin,Cowthart,ecowthart33@so-net.ne.jp,Male,169.60.86.203
113,Lane,Gilli,lgilli34@harvard.edu,Male,228.174.114.93
114,Orren,Boase,oboase35@yellowbook.com,Male,138.58.78.55
115,Gratia,McKeller,gmckeller36@studiopress.com,Female,108.191.134.251
116,Symon,Asty,sasty37@photobucket.com,Male,11.58.14.82
117,Glynnis,Pechan,gpechan38@upenn.edu,Female,119.250.196.36
118,Jobina,Epp,jepp39@tmall.com,Genderfluid,133.187.204.101
119,Bill,Toretta,btoretta3a@guardian.co.uk,Female,71.166.89.146
120,Isaiah,Leadbeatter,ileadbeatter3b@psu.edu,Male,106.35.62.187
121,Ferdy,Schenfisch,fschenfisch3c@theglobeandmail.com,Male,39.90.117.164
122,Salmon,Redmond,sredmond3d@goodreads.com,Male,246.90.27.30
123,Walther,Dollard,wdollard3e@elpais.com,Male,52.64.112.19
124,Charisse,Layfield,clayfield3f@businessweek.com,Female,54.239.134.76
125,Sholom,Kick,skick3g@mashable.com,Male,46.92.252.168
126,Hedwiga,Chandler,hchandler3h@google.de,Female,50.132.125.69
127,Leroy,Wythe,lwythe3i@reuters.com,Male,167.13.178.145
128,Erminia,Curme,ecurme3j@google.fr,Female,173.225.123.110
129,Gerhardt,Arondel,garondel3k@reverbnation.com,Male,54.24.66.201
130,Trstram,Kenworth,tkenworth3l@netscape.com,Male,219.207.193.251
131,Chelsey,Trehearne,ctrehearne3m@rakuten.co.jp,Female,179.173.18.103
132,Frederich,Bonevant,fbonevant3n@elegantthemes.com,Male,29.114.30.96
133,Paquito,Kyngdon,pkyngdon3o@aboutads.info,Male,196.155.238.190
134,Indira,Ingon,iingon3p@phoca.cz,Female,130.48.126.216
135,Ambrose,Tall,atall3q@simplemachines.org,Male,102.238.119.95
136,Shanna,Bertolin,sbertolin3r@cyberchimps.com,Female,43.85.155.222
137,Zachariah,Daykin,zdaykin3s@google.it,Male,110.130.83.244
138,Judd,Offield,joffield3t@exblog.jp,Male,246.49.197.95
139,Tildy,Bowness,tbowness3u@chronoengine.com,Female,166.225.250.3
140,Corby,Dobrowlski,cdobrowlski3v@princeton.edu,Male,15.52.187.126
141,Karol,McCorry,kmccorry3w@apache.org,Female,200.200.121.152
142,Karlens,Schaumann,kschaumann3x@mashable.com,Male,203.221.198.5
143,Clemmie,Merwood,cmerwood3y@wiley.com,Male,46.223.154.94
144,Thurstan,Lyptratt,tlyptratt3z@woothemes.com,Male,207.221.94.193
145,Renie,Carstairs,rcarstairs40@rediff.com,Bigender,159.111.80.239
146,Petra,Lincey,plincey41@indiatimes.com,Female,106.147.17.149
147,Issy,Forrest,iforrest42@hhs.gov,Female,40.7.134.58
148,Charleen,Dumbellow,cdumbellow43@hostgator.com,Agender,24.108.247.194
149,Rufe,Aylin,raylin44@sun.com,Male,120.178.130.46
150,Mattheus,Gabriel,mgabriel45@msu.edu,Male,180.211.237.254
151,Earlie,Greatrakes,egreatrakes46@fema.gov,Male,86.253.231.12
152,Nicoline,Dat,ndat47@irs.gov,Female,78.8.208.79
153,Kaja,Caughey,kcaughey48@hexun.com,Female,171.109.144.62
154,Laura,Andreu,landreu49@e-recht24.de,Female,114.199.228.212
155,Raquela,Joannic,rjoannic4a@is.gd,Female,166.104.212.63
156,Ulric,Sedman,usedman4b@mysql.com,Male,115.166.23.128
157,Dedie,Fenty,dfenty4c@parallels.com,Female,51.92.225.167
158,Allix,Winyard,awinyard4d@yahoo.com,Agender,169.195.8.24
159,Caren,Dagnan,cdagnan4e@princeton.edu,Genderqueer,22.156.71.29
160,Bunnie,Biggam,bbiggam4f@biblegateway.com,Agender,173.50.145.100
161,Thadeus,Andersch,tandersch4g@mayoclinic.com,Male,123.225.71.98
162,Aurora,Blasiak,ablasiak4h@g.co,Female,85.225.123.3
163,Jacquetta,Arnau,jarnau4i@cdbaby.com,Female,232.84.78.42
164,Salomon,Bartholin,sbartholin4j@vk.com,Male,152.201.84.11
165,Miner,Bebb,mbebb4k@netvibes.com,Male,253.73.169.128
166,Eartha,Cuming,ecuming4l@shop-pro.jp,Female,96.13.76.105
167,Cesya,Miko,cmiko4m@storify.com,Female,209.97.67.6
168,Deni,Moulsdall,dmoulsdall4n@sohu.com,Polygender,131.110.116.153
169,Etienne,Harding,eharding4o@tripod.com,Male,25.233.25.114
170,Ilene,Kinastan,ikinastan4p@usda.gov,Female,229.209.90.179
171,Roselia,Millgate,rmillgate4q@wired.com,Female,115.98.84.41
172,Rivkah,Straffon,rstraffon4r@sphinn.com,Female,33.104.26.141
173,Bliss,Justis,bjustis4s@economist.com,Female,73.34.234.43
174,Halli,Coursor,hcoursor4t@xinhuanet.com,Female,146.251.36.129
175,Francoise,Abbs,fabbs4u@opensource.org,Female,91.185.252.134
176,Caterina,Martinet,cmartinet4v@tuttocitta.it,Female,97.106.127.133
177,Verile,Kendall,vkendall4w@umich.edu,Female,40.50.129.64
178,Regan,Roch,rroch4x@goo.ne.jp,Male,194.16.129.39
179,Ingrim,Klaes,iklaes4y@quantcast.com,Male,138.64.154.253
180,Ardath,Heather,aheather4z@dion.ne.jp,Female,72.117.162.210
181,Logan,Commins,lcommins50@yellowbook.com,Male,71.209.230.100
182,Hyacinth,Breagan,hbreagan51@nydailynews.com,Genderfluid,192.239.72.180
183,Merola,Lanbertoni,mlanbertoni52@ehow.com,Female,235.177.170.67
184,Ezekiel,Hatherley,ehatherley53@cnet.com,Male,37.116.19.236
185,Giana,Emmines,gemmines54@canalblog.com,Female,138.218.210.99
186,Corabel,Craske,ccraske55@sina.com.cn,Female,10.231.193.147
187,Roda,MacQueen,rmacqueen56@auda.org.au,Female,210.230.112.43
188,Mattheus,Lynd,mlynd57@mail.ru,Male,123.10.126.228
189,Renault,Rubroe,rrubroe58@t-online.de,Male,221.233.133.90
190,Blakeley,Ripley,bripley59@geocities.com,Female,163.112.102.67
191,Enrica,Koeppe,ekoeppe5a@telegraph.co.uk,Female,16.190.7.135
192,Jillene,Heartfield,jheartfield5b@is.gd,Female,209.176.46.88
193,Winn,Guiden,wguiden5c@epa.gov,Male,224.74.54.77
194,Pammy,Shatford,pshatford5d@timesonline.co.uk,Female,203.136.71.223
195,Ichabod,Nason,inason5e@answers.com,Male,198.215.152.21
196,Wallis,Hacaud,whacaud5f@exblog.jp,Male,79.25.162.189
197,Lalo,Leslie,lleslie5g@usatoday.com,Male,217.177.29.43
198,Kerrie,Wrotham,kwrotham5h@auda.org.au,Female,158.92.156.2
199,Evelin,Waulker,ewaulker5i@soup.io,Male,53.64.84.22
200,Giana,Glassard,gglassard5j@behance.net,Female,242.9.124.155
201,Gerrilee,Naptin,gnaptin5k@bbb.org,Female,32.189.91.152
202,Peadar,Fancett,pfancett5l@xing.com,Male,41.237.100.90
203,Eustacia,Alvarado,ealvarado5m@csmonitor.com,Non-binary,186.246.47.62
204,Ara,Sears,asears5n@europa.eu,Male,84.57.235.17
205,Martynne,Monnoyer,mmonnoyer5o@fda.gov,Female,131.211.76.243
206,Gretta,Cranke,gcranke5p@answers.com,Genderfluid,94.136.59.55
207,Diandra,Kubec,dkubec5q@springer.com,Female,241.42.160.101
208,Gael,Dybbe,gdybbe5r@webmd.com,Female,7.60.63.13
209,Dianemarie,Maxfield,dmaxfield5s@jigsy.com,Polygender,72.70.62.190
210,Thorin,Cussen,tcussen5t@state.tx.us,Male,46.223.212.253
211,Wolf,Godwyn,wgodwyn5u@globo.com,Male,111.18.111.149
212,Luis,Dorbin,ldorbin5v@delicious.com,Male,250.233.63.189
213,Iosep,Skaife,iskaife5w@biblegateway.com,Male,39.197.130.127
214,Budd,Kay,bkay5x@creativecommons.org,Male,12.5.14.140
215,Jamie,Pirazzi,jpirazzi5y@g.co,Female,237.221.55.114
216,Dannel,Battison,dbattison5z@github.io,Male,57.229.56.226
217,Tully,Hissett,thissett60@vinaora.com,Male,231.197.156.245
218,Elmo,Craske,ecraske61@bigcartel.com,Male,89.96.43.107
219,Boycey,Auguste,bauguste62@prnewswire.com,Male,107.192.180.43
220,Clementia,Edgett,cedgett63@adobe.com,Bigender,26.217.232.129
221,Ginger,Brezlaw,gbrezlaw64@studiopress.com,Male,30.116.16.253
222,Benoite,Dean,bdean65@google.com.hk,Female,72.119.82.17
223,Frederica,Boulger,fboulger66@fema.gov,Female,126.140.85.76
224,Benjie,Gutierrez,bgutierrez67@state.gov,Male,161.42.104.58
225,Jarib,Haysman,jhaysman68@hao123.com,Male,56.137.61.225
226,Anna,Hofner,ahofner69@deliciousdays.com,Female,14.187.73.139
227,Yolanda,Maple,ymaple6a@reverbnation.com,Female,131.100.89.3
228,Constancy,Hartfield,chartfield6b@themeforest.net,Female,75.206.194.133
229,Maridel,Cryer,mcryer6c@mozilla.com,Female,24.118.151.251
230,Consuela,Quilter,cquilter6d@google.it,Female,145.228.17.97
231,Vivien,Curgenven,vcurgenven6e@ucla.edu,Female,233.75.213.242
232,Sunshine,Linwood,slinwood6f@cargocollective.com,Female,165.87.130.72
233,Isidro,Stayt,istayt6g@newsvine.com,Polygender,130.139.220.80
234,Cassie,MacKim,cmackim6h@msu.edu,Female,129.47.232.101
235,Florenza,Ledster,fledster6i@toplist.cz,Female,204.179.100.47
236,Blakelee,Chasemore,bchasemore6j@sitemeter.com,Female,185.14.132.255
237,Hastings,Goublier,hgoublier6k@bigcartel.com,Male,95.89.191.173
238,Barbe,McLucky,bmclucky6l@hc360.com,Female,66.238.104.164
239,Loutitia,Hexum,lhexum6m@dot.gov,Female,143.92.29.38
240,Mel,Hullock,mhullock6n@cornell.edu,Polygender,103.214.155.100
241,Yank,Earles,yearles6o@odnoklassniki.ru,Male,116.121.13.177
242,Brinna,Aiken,baiken6p@trellian.com,Female,243.68.134.2
243,Aveline,Stebbin,astebbin6q@ning.com,Female,58.81.166.213
244,Germaine,Lennie,glennie6r@biglobe.ne.jp,Female,131.111.200.145
245,Iseabal,Scarre,iscarre6s@wordpress.org,Female,234.32.170.157
246,Flor,Spellesy,fspellesy6t@mail.ru,Female,20.118.47.219
247,Herb,Gorrie,hgorrie6u@macromedia.com,Male,212.52.11.172
248,Dorise,Downes,ddownes6v@vimeo.com,Female,169.137.53.156
249,Kent,Fridlington,kfridlington6w@technorati.com,Male,228.24.224.233
250,Erin,Whitlow,ewhitlow6x@indiatimes.com,Female,86.8.23.242
251,Marsh,Dunlap,mdunlap6y@seattletimes.com,Male,167.118.57.166
252,Hertha,Duny,hduny6z@tinyurl.com,Female,13.155.79.98
253,Valaree,Retter,vretter70@gravatar.com,Female,225.220.0.95
254,Noby,Verbruggen,nverbruggen71@ocn.ne.jp,Male,170.191.11.55
255,Avigdor,Fydo,afydo72@scientificamerican.com,Male,34.186.76.136
256,Mareah,Woodnutt,mwoodnutt73@dmoz.org,Genderqueer,133.64.141.184
257,Lucio,Lesly,llesly74@ucsd.edu,Male,89.234.137.254
258,Chrotoem,Meininking,cmeininking75@marketwatch.com,Male,90.229.56.5
259,Gael,Wilshin,gwilshin76@who.int,Male,248.57.111.32
260,Wells,Rebeiro,wrebeiro77@tumblr.com,Male,131.5.75.188
261,Nananne,Alway,nalway78@sakura.ne.jp,Female,33.62.176.47
262,Chlo,Aggus,caggus79@tinypic.com,Female,66.187.148.55
263,Helenka,Glasscott,hglasscott7a@surveymonkey.com,Female,206.218.150.32
264,Ivie,Haseman,ihaseman7b@mozilla.org,Female,177.165.251.26
265,Linnea,Fieldsend,lfieldsend7c@plala.or.jp,Female,13.239.152.182
266,Hayyim,Slight,hslight7d@dailymail.co.uk,Male,83.35.118.238
267,Barbette,Hammill,bhammill7e@buzzfeed.com,Female,225.187.239.0
268,Horatio,Ranyell,hranyell7f@webnode.com,Male,146.134.73.10
269,Hilde,Milillo,hmilillo7g@meetup.com,Female,114.11.59.227
270,Duane,Stoneman,dstoneman7h@slashdot.org,Male,247.233.234.93
271,Larisa,Bambrick,lbambrick7i@bluehost.com,Female,213.202.146.87
272,Boyd,Garmey,bgarmey7j@live.com,Male,189.8.30.144
273,Myca,Critoph,mcritoph7k@foxnews.com,Male,165.7.93.20
274,Celka,Bugdell,cbugdell7l@indiegogo.com,Female,210.150.185.236
275,Lucinda,Houltham,lhoultham7m@parallels.com,Female,64.48.148.12
276,Hyman,Bulcroft,hbulcroft7n@dyndns.org,Male,252.187.66.188
277,Kippy,Wann,kwann7o@twitter.com,Male,247.16.45.216
278,Zeb,Bayfield,zbayfield7p@google.com.hk,Male,17.104.5.93
279,Thorny,Scola,tscola7q@answers.com,Male,240.111.224.31
280,Georgena,Gookes,ggookes7r@shutterfly.com,Female,217.12.135.34
281,Pauline,Grenfell,pgrenfell7s@ebay.co.uk,Female,18.132.224.198
282,Adolphe,Stonhouse,astonhouse7t@blinklist.com,Male,70.67.138.152
283,Cesare,Domek,cdomek7u@naver.com,Male,206.125.50.238
284,Bran,Ruffles,bruffles7v@yahoo.co.jp,Male,147.188.57.81
285,Lucian,Essery,lessery7w@aboutads.info,Agender,15.79.115.14
286,Ancell,Mellor,amellor7x@ning.com,Male,18.39.211.191
287,Fidelity,Thistleton,fthistleton7y@ucsd.edu,Female,88.229.205.210
288,Lyda,Haszard,lhaszard7z@symantec.com,Female,209.57.5.34
289,Fanny,Saveall,fsaveall80@forbes.com,Female,94.62.162.169
290,Yuma,Mattiessen,ymattiessen81@studiopress.com,Male,13.153.178.197
291,Hugues,Chatten,hchatten82@nasa.gov,Male,195.75.102.180
292,Nate,Roselli,nroselli83@etsy.com,Male,98.255.119.51
293,Klara,Keywood,kkeywood84@acquirethisname.com,Female,0.186.163.89
294,Emmery,Scarlet,escarlet85@sitemeter.com,Male,197.86.28.117
295,Cathee,Pugsley,cpugsley86@geocities.com,Female,84.108.115.130
296,Lydia,Causnett,lcausnett87@youku.com,Female,105.120.137.63
297,Tanner,Vennart,tvennart88@squarespace.com,Male,228.16.242.105
298,Fionnula,Killelea,fkillelea89@surveymonkey.com,Genderqueer,216.150.33.54
299,Clea,Caddock,ccaddock8a@mayoclinic.com,Female,199.92.200.110
300,Hashim,Dickon,hdickon8b@newyorker.com,Male,186.61.48.147
301,Carole,Casiero,ccasiero8c@google.pl,Female,82.176.107.111
302,Nobe,Rumbold,nrumbold8d@privacy.gov.au,Male,114.156.156.1
303,Tod,Welbrock,twelbrock8e@guardian.co.uk,Bigender,131.201.12.107
304,Calvin,Bewlie,cbewlie8f@acquirethisname.com,Male,20.199.119.216
305,Burch,Ruberry,bruberry8g@com.com,Male,90.3.150.148
306,Melinde,Standering,mstandering8h@hhs.gov,Female,3.7.71.88
307,Birdie,O'Moylan,bomoylan8i@cnet.com,Female,75.20.185.91
308,Reggie,Kingscott,rkingscott8j@bigcartel.com,Male,70.1.68.209
309,Ericka,Stainer,estainer8k@google.com,Female,60.195.152.201
310,Stuart,Imort,simort8l@com.com,Non-binary,244.14.169.114
311,Kendrick,Ramplee,kramplee8m@e-recht24.de,Male,151.9.255.77
312,Trent,Simoni,tsimoni8n@ibm.com,Male,108.87.164.102
313,Miguela,Collete,mcollete8o@mysql.com,Female,239.151.11.231
314,Chauncey,Payley,cpayley8p@purevolume.com,Male,148.5.204.244
315,Millie,Shann,mshann8q@typepad.com,Female,175.64.166.72
316,Rupert,Pizer,rpizer8r@wikipedia.org,Male,103.103.122.95
317,Ruthie,Curgenven,rcurgenven8s@phpbb.com,Female,25.151.235.19
318,Giffie,Robinett,grobinett8t@redcross.org,Genderqueer,162.73.196.56
319,Amargo,Siddeley,asiddeley8u@jugem.jp,Female,94.28.45.69
320,Niel,Wallsam,nwallsam8v@blogger.com,Male,83.242.199.195
321,Chevalier,Spores,cspores8w@wsj.com,Male,25.0.82.51
322,Josephine,Flieger,jflieger8x@loc.gov,Female,8.132.207.45
323,Joseito,Omar,jomar8y@samsung.com,Genderfluid,182.62.33.48
324,Karlene,Dacks,kdacks8z@nhs.uk,Female,211.235.229.201
325,Bengt,McIntosh,bmcintosh90@skype.com,Male,166.149.105.232
326,Bev,Luton,bluton91@bbb.org,Male,152.19.52.227
327,Lorilyn,Dahlberg,ldahlberg92@wunderground.com,Female,96.118.88.81
328,Fidelio,Foresight,fforesight93@pagesperso-orange.fr,Male,127.113.82.55
329,Carl,Scutcheon,cscutcheon94@360.cn,Male,67.152.120.94
330,Thorsten,Gaddas,tgaddas95@51.la,Male,193.227.67.33
331,Tore,Craghead,tcraghead96@netscape.com,Male,31.55.49.118
332,Lissi,Dymidowski,ldymidowski97@ebay.com,Female,11.147.126.142
333,Xavier,Brudenell,xbrudenell98@over-blog.com,Male,156.117.34.1
334,Myrtle,Morison,mmorison99@latimes.com,Female,204.66.218.144
335,Marj,Rome,mrome9a@rambler.ru,Female,152.17.216.27
336,Jacquenette,Hitcham,jhitcham9b@blinklist.com,Female,28.60.244.30
337,Cointon,McKevin,cmckevin9c@soup.io,Male,241.147.219.146
338,Goddart,Twelves,gtwelves9d@rediff.com,Male,29.194.140.58
339,Wynny,Anniwell,wanniwell9e@wix.com,Female,224.214.252.145
340,Tully,Keam,tkeam9f@adobe.com,Male,198.58.54.17
341,Lynnelle,Shrubb,lshrubb9g@patch.com,Female,110.190.66.140
342,Melloney,Coughlin,mcoughlin9h@google.pl,Female,100.182.233.29
343,Christoffer,Hatter,chatter9i@wikimedia.org,Male,36.174.47.194
344,Noah,Smissen,nsmissen9j@epa.gov,Male,246.204.214.235
345,Reade,Gibbin,rgibbin9k@qq.com,Male,32.255.150.47
346,Andrei,Bann,abann9l@ehow.com,Female,37.16.153.31
347,Cristie,Rickards,crickards9m@ebay.co.uk,Female,98.195.205.209
348,Leonelle,Ingolotti,lingolotti9n@prweb.com,Female,58.45.12.223
349,Nikoletta,Vela,nvela9o@symantec.com,Genderqueer,199.144.189.255
350,Emelda,McGebenay,emcgebenay9p@moonfruit.com,Female,5.33.249.154
351,Merrili,Nana,mnana9q@samsung.com,Female,8.68.60.43
352,Noach,Corkell,ncorkell9r@unesco.org,Male,150.168.218.114
353,Andras,Leger,aleger9s@booking.com,Polygender,122.54.226.47
354,Elvyn,Matuszyk,ematuszyk9t@theatlantic.com,Male,86.253.51.252
355,Tammie,Castaignet,tcastaignet9u@so-net.ne.jp,Male,145.173.127.175
356,Fee,Goodley,fgoodley9v@discovery.com,Male,231.157.157.251
357,Herschel,Neilson,hneilson9w@apple.com,Male,168.177.51.246
358,Merwyn,Durgan,mdurgan9x@cyberchimps.com,Male,18.27.178.106
359,Dolly,Keepin,dkeepin9y@usnews.com,Female,67.98.118.207
360,Tania,Themann,tthemann9z@time.com,Genderqueer,113.222.166.220
361,Patsy,Bowdon,pbowdona0@about.com,Male,168.56.183.23
362,Charlena,Avory,cavorya1@imgur.com,Female,1.75.150.71
363,Moyna,Deane,mdeanea2@cam.ac.uk,Genderqueer,75.50.128.160
364,Bevon,Mansbridge,bmansbridgea3@kickstarter.com,Male,182.17.79.87
365,Augustine,Panchen,apanchena4@wikispaces.com,Male,4.64.100.130
366,Benjie,Hawke,bhawkea5@51.la,Male,19.174.191.144
367,Laverne,Albrook,lalbrooka6@issuu.com,Female,232.204.202.96
368,Charil,Whale,cwhalea7@cocolog-nifty.com,Female,228.51.111.188
369,Benoite,Dew,bdewa8@miibeian.gov.cn,Female,158.30.63.225
370,Keen,McGrane,kmcgranea9@booking.com,Male,252.157.206.131
371,Nana,Baish,nbaishaa@odnoklassniki.ru,Female,210.136.105.62
372,Mohandas,McGlashan,mmcglashanab@seesaa.net,Male,120.134.125.161
373,Brandise,Viste,bvisteac@google.nl,Female,9.102.172.206
374,Bax,Heningam,bheningamad@godaddy.com,Male,42.158.253.234
375,Rupert,Dohr,rdohrae@europa.eu,Male,96.148.40.133
376,Brendis,Lettsom,blettsomaf@naver.com,Male,240.187.151.102
377,Barrie,Haydney,bhaydneyag@discovery.com,Bigender,148.179.183.220
378,Walther,Tiffin,wtiffinah@accuweather.com,Male,225.87.177.233
379,Dani,Koppelmann,dkoppelmannai@pbs.org,Female,199.145.201.194
380,Morganica,MacCarter,mmaccarteraj@slashdot.org,Female,250.255.9.213
381,Gallagher,Nielson,gnielsonak@discuz.net,Male,79.179.131.1
382,Vittoria,Radki,vradkial@tiny.cc,Genderqueer,81.16.173.222
383,Nolana,Medmore,nmedmoream@google.ca,Female,60.75.43.166
384,Stanford,Lutzmann,slutzmannan@ocn.ne.jp,Male,16.191.56.65
385,Raye,Eloy,reloyao@adobe.com,Agender,93.25.35.107
386,Danny,Churm,dchurmap@opera.com,Female,158.83.161.16
387,Eleanor,Porter,eporteraq@timesonline.co.uk,Female,196.25.121.59
388,Dylan,Wharby,dwharbyar@lulu.com,Male,226.29.134.101
389,Bridie,Rydeard,brydeardas@sakura.ne.jp,Female,51.81.208.76
390,Jeffry,Cuttle,jcuttleat@plala.or.jp,Male,215.191.66.105
391,Sonni,Daft,sdaftau@symantec.com,Female,82.108.109.157
392,Sacha,Ollivier,sollivierav@unblog.fr,Female,175.198.253.237
393,Victoir,Giacopetti,vgiacopettiaw@aboutads.info,Male,24.55.199.216
394,Carmine,Capenor,ccapenorax@nba.com,Male,34.23.41.212
395,Lockwood,Esh,leshay@newsvine.com,Male,36.60.203.196
396,Esra,Antoniazzi,eantoniazziaz@bbb.org,Male,121.165.42.71
397,Orion,Faires,ofairesb0@bizjournals.com,Male,106.161.67.189
398,Dudley,Mc Grath,dmcgrathb1@de.vu,Male,17.102.175.246
399,Corbett,Chate,cchateb2@prweb.com,Male,43.134.17.218
400,Edi,Meak,emeakb3@netscape.com,Female,126.170.101.139
401,Arabelle,Kingsland,akingslandb4@bing.com,Female,11.147.246.21
402,Andromache,Van Salzberger,avansalzbergerb5@odnoklassniki.ru,Female,44.51.170.77
403,Waneta,Sworn,wswornb6@toplist.cz,Female,183.127.105.46
404,Catherina,Lofts,cloftsb7@barnesandnoble.com,Female,245.140.75.216
405,Veronica,Woodruffe,vwoodruffeb8@reddit.com,Female,162.39.243.114
406,Donetta,Hauch,dhauchb9@archive.org,Female,35.231.45.169
407,Elias,Rijkeseis,erijkeseisba@soundcloud.com,Male,37.134.116.123
408,Kariotta,Tuny,ktunybb@cbsnews.com,Female,71.187.190.104
409,Alfreda,Pren,aprenbc@alibaba.com,Female,190.219.211.134
410,Merell,Wardle,mwardlebd@theguardian.com,Male,195.61.103.48
411,Electra,Forryan,eforryanbe@sourceforge.net,Polygender,177.93.158.18
412,Fabio,Sweedland,fsweedlandbf@shutterfly.com,Agender,0.186.20.78
413,Jessey,Hoodlass,jhoodlassbg@bravesites.com,Male,117.42.171.137
414,Enoch,Andresser,eandresserbh@bloglovin.com,Male,155.184.208.6
415,Abby,Easlea,aeasleabi@trellian.com,Polygender,229.30.105.246
416,Filia,Shimman,fshimmanbj@g.co,Female,241.90.206.208
417,Lottie,Pounds,lpoundsbk@imgur.com,Female,220.113.73.153
418,Ellery,McKirton,emckirtonbl@cdbaby.com,Male,249.74.127.213
419,Katleen,Dibdale,kdibdalebm@google.nl,Female,206.53.23.43
420,Gwenette,Burkinshaw,gburkinshawbn@php.net,Female,122.187.146.86
421,Bobina,Halpen,bhalpenbo@nasa.gov,Female,186.133.61.119
422,Jackquelin,Konzelmann,jkonzelmannbp@vinaora.com,Female,202.193.123.211
423,Belinda,Mitcham,bmitchambq@creativecommons.org,Female,251.254.184.164
424,Desdemona,St Quenin,dstqueninbr@godaddy.com,Non-binary,231.212.157.4
425,Marjy,Bengtsson,mbengtssonbs@shop-pro.jp,Female,96.103.96.254
426,Sherye,Kapelhoff,skapelhoffbt@ifeng.com,Genderfluid,30.121.193.147
427,Melamie,Hentze,mhentzebu@hp.com,Female,97.213.182.248
428,Aimee,Thieme,athiemebv@instagram.com,Female,96.11.50.8
429,Taddeusz,Covet,tcovetbw@smugmug.com,Male,154.45.240.82
430,Svend,Fairfull,sfairfullbx@usa.gov,Male,27.118.194.187
431,Allard,Gretham,agrethamby@omniture.com,Male,174.133.124.228
432,Earvin,Corneille,ecorneillebz@businessweek.com,Male,208.192.77.182
433,Tymon,Admans,tadmansc0@sphinn.com,Male,164.173.250.148
434,Margette,Ovell,movellc1@umich.edu,Female,202.141.123.64
435,Tani,Scane,tscanec2@bravesites.com,Female,136.88.177.142
436,Revkah,Bursnoll,rbursnollc3@artisteer.com,Female,205.143.203.148
437,Tome,Karran,tkarranc4@biglobe.ne.jp,Male,219.141.111.187
438,Carina,Darnborough,cdarnboroughc5@oakley.com,Female,42.210.249.192
439,Jeremy,Jack,jjackc6@china.com.cn,Male,210.2.8.151
440,Chad,Blamey,cblameyc7@people.com.cn,Male,88.165.217.208
441,Gwyn,Janecki,gjaneckic8@npr.org,Female,250.217.166.179
442,Lezlie,Halfacre,lhalfacrec9@ustream.tv,Agender,16.56.187.200
443,Rebekah,Baulcombe,rbaulcombeca@yandex.ru,Female,108.10.143.183
444,Irwin,Peasby,ipeasbycb@eepurl.com,Male,255.161.51.251
445,Betsey,Tumber,btumbercc@amazonaws.com,Female,188.212.99.144
446,Shep,Tiley,stileycd@goodreads.com,Genderqueer,78.216.4.68
447,Zulema,O'Lagene,zolagenece@ezinearticles.com,Bigender,136.238.226.225
448,Michele,Conybear,mconybearcf@tripadvisor.com,Male,41.92.150.23
449,Marys,Jancey,mjanceycg@loc.gov,Female,38.112.218.1
450,Carlin,Greenman,cgreenmanch@netvibes.com,Male,86.186.205.240
451,Mano,Middle,mmiddleci@studiopress.com,Male,233.21.249.204
452,Errick,O'Fielly,eofiellycj@businessinsider.com,Male,234.45.12.17
453,Quinn,Sellers,qsellersck@people.com.cn,Male,217.175.16.122
454,Marlo,Steers,msteerscl@admin.ch,Bigender,60.168.119.78
455,Carree,Melloy,cmelloycm@omniture.com,Female,215.185.22.153
456,Chrotoem,Gillibrand,cgillibrandcn@opensource.org,Male,242.131.46.14
457,Amery,Gocke,agockeco@omniture.com,Male,154.70.98.236
458,Averil,Haresnape,aharesnapecp@usda.gov,Female,25.147.58.194
459,Kingsley,Bruyns,kbruynscq@bloglovin.com,Male,67.2.24.212
460,Courtney,Coulthard,ccoulthardcr@mac.com,Female,6.29.145.198
461,Nikolia,Feenan,nfeenancs@i2i.jp,Female,184.131.127.250
462,Chickie,Linsey,clinseyct@instagram.com,Male,107.214.239.15
463,Kass,Parcell,kparcellcu@wikispaces.com,Female,28.68.191.167
464,Trueman,McCrystal,tmccrystalcv@amazon.co.uk,Male,158.110.153.67
465,Birch,Gateley,bgateleycw@miitbeian.gov.cn,Male,213.24.205.48
466,Whitney,Tankus,wtankuscx@cafepress.com,Male,203.207.96.165
467,Darwin,Turneaux,dturneauxcy@istockphoto.com,Male,48.95.166.241
468,Dara,Snel,dsnelcz@mysql.com,Polygender,0.21.194.168
469,Poppy,Grabham,pgrabhamd0@networksolutions.com,Female,127.21.208.157
470,Parnell,Bertolin,pbertolind1@last.fm,Genderfluid,245.76.154.9
471,Phillipp,Vogel,pvogeld2@printfriendly.com,Male,223.224.38.115
472,Jeremie,Ayscough,jayscoughd3@amazon.co.uk,Male,197.190.137.222
473,Luigi,Breming,lbremingd4@lulu.com,Male,4.57.107.134
474,Michelina,Brombell,mbrombelld5@npr.org,Female,189.194.238.174
475,Myrah,Arrighi,marrighid6@ifeng.com,Female,251.157.234.199
476,Malvin,Campa,mcampad7@twitpic.com,Male,101.99.201.96
477,Nicoli,Lovegrove,nlovegroved8@java.com,Female,186.24.188.134
478,Leroi,Lifton,lliftond9@cpanel.net,Male,224.70.189.178
479,Fidelio,Gisbourn,fgisbournda@list-manage.com,Male,226.6.119.204
480,Cornall,Pulfer,cpulferdb@aboutads.info,Male,21.107.103.249
481,Calley,Huby,chubydc@is.gd,Female,113.114.54.49
482,Francis,Osgardby,fosgardbydd@narod.ru,Male,238.83.199.238
483,Margie,Frisel,mfriselde@wunderground.com,Female,226.27.123.181
484,Sutherlan,Appleyard,sappleyarddf@hud.gov,Male,161.101.17.5
485,Yves,Kyffin,ykyffindg@chronoengine.com,Male,18.234.232.77
486,Shelagh,Kirkham,skirkhamdh@google.es,Female,51.247.47.113
487,Arvy,Alvarado,aalvaradodi@cisco.com,Male,5.189.231.143
488,Emelyne,Ridley,eridleydj@hao123.com,Female,65.158.195.122
489,Barney,Edgar,bedgardk@myspace.com,Male,113.115.190.137
490,Iorgos,Akenhead,iakenheaddl@smugmug.com,Male,237.10.206.190
491,Barby,Heinsen,bheinsendm@bloglines.com,Female,247.60.206.224
492,Deni,Bartleman,dbartlemandn@epa.gov,Female,88.43.253.166
493,Bibi,Measen,bmeasendo@g.co,Genderqueer,53.122.19.245
494,Igor,Spirit,ispiritdp@apache.org,Male,190.236.115.197
495,Correna,Rigg,criggdq@linkedin.com,Female,102.115.228.57
496,Wallace,Cavill,wcavilldr@accuweather.com,Male,55.134.130.160
497,Sancho,Challace,schallaceds@examiner.com,Male,103.163.132.223
498,Parrnell,Ahrend,pahrenddt@is.gd,Male,174.107.170.237
499,Shirlene,Houlden,shouldendu@wired.com,Female,188.227.159.53
500,Tiffany,Hendren,thendrendv@newyorker.com,Polygender,33.44.233.125
501,Nollie,Alishoner,nalishonerdw@smugmug.com,Female,1.156.10.58
502,Loutitia,Royl,lroyldx@sciencedaily.com,Female,53.216.101.223
503,Consuela,McCamish,cmccamishdy@dropbox.com,Female,220.209.134.239
504,Terri,Prestland,tprestlanddz@liveinternet.ru,Female,92.221.99.183
505,Adey,Peschke,apeschkee0@meetup.com,Female,36.153.240.210
506,Mariejeanne,Meaders,mmeaderse1@eventbrite.com,Female,194.136.10.6
507,Parrnell,Oxenford,poxenforde2@surveymonkey.com,Male,27.229.172.137
508,Melesa,Drinkeld,mdrinkelde3@ehow.com,Female,13.193.161.236
509,Aguistin,Waggatt,awaggatte4@godaddy.com,Male,85.111.209.139
510,Crista,Leivesley,cleivesleye5@tamu.edu,Female,223.239.174.176
511,Danya,Hales,dhalese6@g.co,Female,124.36.78.108
512,Hazlett,Hanne,hhannee7@google.com.hk,Male,218.146.184.173
513,Celinda,Marder,cmardere8@lycos.com,Female,252.26.157.19
514,Bertina,Eliassen,beliassene9@cyberchimps.com,Female,44.244.164.63
515,Kym,Freshwater,kfreshwaterea@cdc.gov,Female,158.5.38.102
516,Eden,McIlwraith,emcilwraitheb@wufoo.com,Female,252.62.170.106
517,Silvano,Goldbourn,sgoldbournec@facebook.com,Male,161.211.43.37
518,Percival,Dikels,pdikelsed@flavors.me,Male,107.161.4.200
519,Thane,Pullen,tpullenee@hao123.com,Male,250.135.151.155
520,Willard,Pedrocchi,wpedrocchief@prlog.org,Male,135.29.208.221
521,Bart,Balcon,bbalconeg@oaic.gov.au,Male,55.60.26.115
522,Jennee,Blaxeland,jblaxelandeh@gov.uk,Female,82.4.182.122
523,Gregoire,Antoniat,gantoniatei@weibo.com,Male,129.1.100.155
524,Randi,Jamot,rjamotej@rambler.ru,Male,166.0.85.119
525,Darby,Karolyi,dkarolyiek@google.com.hk,Male,110.147.86.141
526,Reamonn,Jovovic,rjovovicel@cmu.edu,Male,53.96.50.98
527,Yule,Kemball,ykemballem@toplist.cz,Polygender,120.95.250.204
528,Tracy,Nevet,tneveten@jalbum.net,Male,113.232.174.79
529,Jane,Rideout,jrideouteo@unc.edu,Female,170.142.220.234
530,Gustav,Bellfield,gbellfieldep@hexun.com,Polygender,22.80.149.100
531,Humfried,Truckett,htrucketteq@amazon.com,Male,20.66.186.207
532,Cordie,Dessent,cdessenter@google.com.au,Female,76.93.171.196
533,Margette,Eite,meitees@moonfruit.com,Agender,194.72.245.74
534,Annnora,Olohan,aolohanet@php.net,Female,220.99.186.209
535,Clio,Wretham,cwrethameu@blogger.com,Female,141.233.206.211
536,Clarke,Dreelan,cdreelanev@jalbum.net,Male,106.167.91.45
537,Jedd,Flower,jflowerew@friendfeed.com,Male,169.105.39.87
538,Cassius,Larrosa,clarrosaex@slideshare.net,Male,64.166.79.66
539,Lothaire,Bywater,lbywaterey@google.ca,Male,15.222.114.50
540,Ario,Blais,ablaisez@kickstarter.com,Male,110.252.163.147
541,Merrel,Helversen,mhelversenf0@webs.com,Male,206.158.176.152
542,Miran,Aherne,mahernef1@sogou.com,Female,206.61.80.252
543,Gerome,Boyde,gboydef2@weibo.com,Male,74.100.85.46
544,Buffy,Bazeley,bbazeleyf3@dedecms.com,Female,1.242.15.165
545,Monty,McDermot,mmcdermotf4@latimes.com,Male,206.107.75.132
546,Mary,Marcam,mmarcamf5@wikia.com,Bigender,126.142.162.230
547,Virgie,O'Hollegan,voholleganf6@cyberchimps.com,Male,39.136.25.13
548,Joya,Moynihan,jmoynihanf7@networkadvertising.org,Female,255.28.87.237
549,Morley,Kettoe,mkettoef8@odnoklassniki.ru,Male,22.209.242.183
550,Clywd,Troyes,ctroyesf9@twitter.com,Male,189.73.86.233
551,Amberly,Leades,aleadesfa@bbc.co.uk,Female,18.131.181.184
552,Kaycee,Lenox,klenoxfb@dropbox.com,Female,93.250.157.238
553,Swen,Bonallick,sbonallickfc@yellowbook.com,Male,215.57.87.173
554,Ellette,Bendall,ebendallfd@state.tx.us,Female,14.36.111.12
555,Lou,Jura,ljurafe@163.com,Male,21.104.89.145
556,West,Havile,whavileff@ycombinator.com,Male,145.183.230.41
557,Heinrik,Feldstein,hfeldsteinfg@wikia.com,Male,174.160.122.247
558,Elmore,Ruegg,erueggfh@wp.com,Male,67.64.92.168
559,Kayley,Clawley,kclawleyfi@furl.net,Female,20.195.137.248
560,Julissa,Jeannon,jjeannonfj@yandex.ru,Female,128.112.52.69
561,Pall,Lodge,plodgefk@google.co.uk,Male,146.131.19.170
562,Neall,Chatenier,nchatenierfl@fastcompany.com,Male,211.113.127.92
563,Ram,Lamzed,rlamzedfm@phoca.cz,Non-binary,82.161.118.124
564,Martha,Alejandre,malejandrefn@nymag.com,Female,31.225.233.159
565,Marya,Linthead,mlintheadfo@scientificamerican.com,Female,117.169.221.96
566,Binky,Galilee,bgalileefp@samsung.com,Male,91.19.157.92
567,Genna,Snoxall,gsnoxallfq@hao123.com,Female,197.198.134.42
568,Sandie,Fratczak,sfratczakfr@whitehouse.gov,Female,134.246.62.41
569,Augie,Martina,amartinafs@rambler.ru,Male,78.48.243.139
570,Nan,Synder,nsynderft@psu.edu,Non-binary,142.134.108.47
571,Francis,Stodhart,fstodhartfu@ucoz.ru,Male,204.176.202.175
572,Remington,Eck,reckfv@nymag.com,Male,220.218.20.169
573,Pavel,Lacky,plackyfw@wikimedia.org,Male,227.149.149.0
574,Hayden,Jacqueme,hjacquemefx@berkeley.edu,Male,115.10.104.8
575,Bartel,Checkley,bcheckleyfy@amazon.co.jp,Male,144.82.35.30
576,Chev,Flott,cflottfz@shutterfly.com,Male,57.173.225.12
577,Giacinta,Caroll,gcarollg0@mapquest.com,Female,17.167.98.216
578,Hortense,Digweed,hdigweedg1@hexun.com,Female,100.17.149.97
579,Lynelle,Ginnelly,lginnellyg2@dell.com,Female,219.240.68.192
580,Arleta,Cordingley,acordingleyg3@harvard.edu,Female,118.221.243.230
581,Harlen,Greader,hgreaderg4@cbc.ca,Male,149.157.98.130
582,Wolf,Getsham,wgetshamg5@tinyurl.com,Male,85.246.240.227
583,Zollie,Abramovici,zabramovicig6@howstuffworks.com,Male,80.153.178.203
584,Lyell,Arthur,larthurg7@prnewswire.com,Male,234.20.91.60
585,Camala,Spieght,cspieghtg8@dion.ne.jp,Female,119.138.39.177
586,Karry,Stoneley,kstoneleyg9@prlog.org,Female,117.155.16.41
587,Joby,Simmgen,jsimmgenga@unicef.org,Female,224.38.164.65
588,Amalee,Poupard,apoupardgb@webeden.co.uk,Genderfluid,230.1.117.230
589,Annabella,Riste,aristegc@ucoz.com,Female,122.210.7.150
590,Whitby,Tuiller,wtuillergd@home.pl,Male,117.32.196.220
591,Tad,Kemmis,tkemmisge@simplemachines.org,Male,94.115.88.96
592,Julianna,McKevany,jmckevanygf@google.ru,Female,73.233.114.173
593,Ranna,Prevost,rprevostgg@zimbio.com,Female,199.87.173.186
594,Pryce,McCleod,pmccleodgh@census.gov,Male,205.149.81.219
595,Mathias,Tarbin,mtarbingi@ycombinator.com,Male,143.243.93.171
596,Agathe,Lax,alaxgj@ftc.gov,Female,39.74.25.79
597,Row,Galletley,rgalletleygk@elegantthemes.com,Female,15.57.237.15
598,Jonell,Sipson,jsipsongl@clickbank.net,Female,47.74.180.197
599,Fidole,Kennifeck,fkennifeckgm@bbc.co.uk,Male,230.138.2.85
600,Allard,Caplen,acaplengn@msn.com,Male,216.187.191.190
601,Kathie,Adamek,kadamekgo@economist.com,Female,109.203.45.187
602,Averell,Masurel,amasurelgp@hatena.ne.jp,Male,55.175.202.244
603,Karel,Tenwick,ktenwickgq@foxnews.com,Male,238.144.45.21
604,Lauraine,Stirley,lstirleygr@dropbox.com,Agender,129.167.93.195
605,Dalila,Gerretsen,dgerretsengs@webnode.com,Female,31.168.250.2
606,Trev,MacKinnon,tmackinnongt@mit.edu,Male,173.177.244.24
607,Pooh,Cargen,pcargengu@photobucket.com,Male,178.89.117.92
608,Netti,Ardley,nardleygv@taobao.com,Female,17.238.55.132
609,Bonnie,Massow,bmassowgw@networkadvertising.org,Female,160.51.77.61
610,Adena,Tompsett,atompsettgx@economist.com,Polygender,243.143.201.163
611,Emelda,Bimson,ebimsongy@statcounter.com,Female,45.152.178.135
612,Fulvia,Dewey,fdeweygz@bloomberg.com,Female,165.147.53.67
613,Vickie,Ronaldson,vronaldsonh0@independent.co.uk,Female,176.79.28.109
614,Cordelie,Godmar,cgodmarh1@bravesites.com,Female,95.221.208.226
615,Nicolette,Ambroise,nambroiseh2@about.me,Female,99.179.143.58
616,Levon,Somerville,lsomervilleh3@plala.or.jp,Male,167.118.203.252
617,Nicol,Dressell,ndressellh4@infoseek.co.jp,Male,243.19.83.109
618,Fania,M'Quhan,fmquhanh5@feedburner.com,Female,22.132.73.36
619,Ros,Standbrooke,rstandbrookeh6@deliciousdays.com,Polygender,224.148.76.174
620,Heindrick,Cheson,hchesonh7@theguardian.com,Male,84.97.51.82
621,Jorge,Elward,jelwardh8@a8.net,Male,207.151.252.148
622,Kane,Garfit,kgarfith9@gizmodo.com,Male,112.64.81.153
623,Sofia,Daniel,sdanielha@hibu.com,Female,146.106.179.153
624,Mischa,McPeeters,mmcpeetershb@cnet.com,Male,146.141.60.59
625,Cam,Veryan,cveryanhc@unesco.org,Male,1.1.27.255
626,Darb,Pellissier,dpellissierhd@instagram.com,Male,233.178.59.182
627,Bevon,Le Galle,blegallehe@army.mil,Male,238.6.252.22
628,Lorraine,Wanstall,lwanstallhf@discuz.net,Female,164.181.102.216
629,Kalindi,Routley,kroutleyhg@cafepress.com,Female,1.235.60.230
630,Eva,Brimilcombe,ebrimilcombehh@si.edu,Female,155.118.16.247
631,Fiann,Klass,fklasshi@purevolume.com,Female,133.12.4.58
632,Danya,Drowsfield,ddrowsfieldhj@cbslocal.com,Female,170.58.251.62
633,Maury,Trainor,mtrainorhk@lycos.com,Male,237.239.45.91
634,Sheelagh,Mixer,smixerhl@odnoklassniki.ru,Female,192.181.208.52
635,Izaak,Chillcot,ichillcothm@macromedia.com,Male,39.104.11.232
636,Ricardo,Bruhnsen,rbruhnsenhn@omniture.com,Male,83.200.195.189
637,Prince,Ormesher,pormesherho@etsy.com,Male,70.51.222.24
638,Merlina,Zarfat,mzarfathp@blogtalkradio.com,Female,49.16.229.243
639,Shirley,Dalglish,sdalglishhq@ucla.edu,Female,185.116.59.205
640,Kania,Sapp,ksapphr@yahoo.com,Female,179.164.171.72
641,Nola,Yaakov,nyaakovhs@mapy.cz,Female,237.179.55.69
642,Sigismund,McKean,smckeanht@blinklist.com,Agender,105.211.173.163
643,Ly,Sorrill,lsorrillhu@hao123.com,Male,78.23.26.158
644,Matthaeus,Toxell,mtoxellhv@prnewswire.com,Male,148.190.65.13
645,Edward,Du Plantier,eduplantierhw@shinystat.com,Male,78.164.156.206
646,Sonni,Conkie,sconkiehx@addthis.com,Female,30.79.151.234
647,Margarita,Eddisforth,meddisforthhy@java.com,Female,75.240.74.214
648,Brocky,Greenhaugh,bgreenhaughhz@google.pl,Male,127.91.32.218
649,Natalie,Scraney,nscraneyi0@furl.net,Female,159.3.235.52
650,Katharine,Rogger,kroggeri1@google.cn,Female,152.67.52.98
651,Inglebert,Smittoune,ismittounei2@diigo.com,Male,8.181.54.62
652,Tracey,Ramberg,trambergi3@blogtalkradio.com,Male,179.61.97.60
653,Laureen,Mazzey,lmazzeyi4@jalbum.net,Female,190.35.158.65
654,Clay,Kuzma,ckuzmai5@alexa.com,Male,39.106.64.28
655,Vanya,Creboe,vcreboei6@behance.net,Male,206.111.131.181
656,Jorrie,Castagna,jcastagnai7@cbslocal.com,Female,163.227.74.208
657,Florina,Clace,fclacei8@ucsd.edu,Female,203.25.211.151
658,Barbaraanne,Stubbert,bstubberti9@cbsnews.com,Female,164.100.97.54
659,Drew,Chalfain,dchalfainia@forbes.com,Male,210.129.167.74
660,Nobie,De Stoop,ndestoopib@auda.org.au,Male,91.19.166.60
661,De witt,Carolan,dcarolanic@bloomberg.com,Male,215.19.18.22
662,Emmalynne,Biner,ebinerid@trellian.com,Female,250.8.103.44
663,Wait,Eggle,weggleie@typepad.com,Male,86.178.14.80
664,Hilario,Auguste,haugusteif@google.cn,Male,202.16.222.22
665,Lynn,Niaves,lniavesig@bloomberg.com,Female,246.27.95.6
666,Val,Coupar,vcouparih@ycombinator.com,Male,52.40.189.247
667,Carly,Lucey,cluceyii@privacy.gov.au,Male,176.97.77.223
668,Cyrille,Ruberti,crubertiij@ow.ly,Polygender,0.41.67.135
669,Abbie,Streeten,astreetenik@zdnet.com,Male,200.207.5.255
670,Teresina,De Roos,tderoosil@comsenz.com,Female,14.29.83.121
671,Teddie,Weighell,tweighellim@unblog.fr,Male,118.130.17.108
672,Idaline,Gore,igorein@dailymotion.com,Female,58.194.192.55
673,Robinia,Stredwick,rstredwickio@over-blog.com,Female,46.105.43.115
674,Gianna,Hellwig,ghellwigip@github.io,Female,206.232.88.114
675,Rudolfo,Kitteringham,rkitteringhamiq@usatoday.com,Male,63.40.28.148
676,Loralyn,Kunkler,lkunklerir@reuters.com,Female,50.237.163.233
677,Kasper,Walne,kwalneis@1688.com,Male,37.237.226.57
678,Pegeen,Kilborn,pkilbornit@themeforest.net,Genderfluid,13.19.51.57
679,Desirae,Shotboult,dshotboultiu@vinaora.com,Polygender,0.187.182.39
680,Lissie,Poter,lpoteriv@chicagotribune.com,Female,221.100.133.37
681,Bathsheba,Handsheart,bhandsheartiw@nydailynews.com,Female,232.188.154.103
682,Ana,Kyberd,akyberdix@biblegateway.com,Female,146.169.61.243
683,Denny,Dillingston,ddillingstoniy@surveymonkey.com,Male,176.138.63.108
684,Rollins,Bothwell,rbothwelliz@army.mil,Genderfluid,43.114.168.9
685,Dene,Coultous,dcoultousj0@marriott.com,Male,17.172.109.236
686,Laverne,Nerne,lnernej1@sbwire.com,Female,132.203.230.131
687,Amity,Caller,acallerj2@bbb.org,Female,9.6.149.121
688,Hoebart,Allerton,hallertonj3@nba.com,Male,89.208.167.196
689,Jaquith,Bastick,jbastickj4@vinaora.com,Female,7.48.29.225
690,Cyrillus,Ricket,cricketj5@jalbum.net,Genderfluid,194.58.227.84
691,Coreen,Gavahan,cgavahanj6@hubpages.com,Genderfluid,234.72.148.181
692,Hedvig,Knightly,hknightlyj7@seattletimes.com,Female,4.221.36.8
693,Farley,Alliker,fallikerj8@cnn.com,Male,157.246.175.248
694,Yevette,Kinnock,ykinnockj9@ow.ly,Female,246.202.25.252
695,Ly,Zucker,lzuckerja@com.com,Male,186.175.208.124
696,Vlad,Daal,vdaaljb@earthlink.net,Male,153.43.107.79
697,Nickie,Fermin,nferminjc@freewebs.com,Female,97.169.114.33
698,Mandi,Howden,mhowdenjd@netscape.com,Female,2.28.49.182
699,Benoite,Ketteman,bkettemanje@cpanel.net,Female,35.192.255.55
700,Giffer,Eggle,gegglejf@dell.com,Male,10.61.18.124
701,Linc,Strippling,lstripplingjg@bandcamp.com,Male,9.217.18.46
702,Hogan,Kristufek,hkristufekjh@behance.net,Male,219.32.49.58
703,Nadya,Jessop,njessopji@etsy.com,Genderqueer,146.235.107.59
704,Edouard,Galliford,egallifordjj@blog.com,Male,189.161.134.96
705,Damian,Beardwell,dbeardwelljk@typepad.com,Male,65.196.54.131
706,Viviyan,Dudney,vdudneyjl@columbia.edu,Genderfluid,151.31.7.144
707,Teodoro,Lait,tlaitjm@theguardian.com,Male,89.198.2.28
708,Putnem,Norris,pnorrisjn@booking.com,Male,63.201.232.238
709,Deny,Monro,dmonrojo@typepad.com,Female,107.230.118.27
710,Enrique,Stride,estridejp@chronoengine.com,Male,157.140.56.130
711,Aaron,Hurd,ahurdjq@hatena.ne.jp,Male,13.27.183.115
712,Cooper,Caneo,ccaneojr@fda.gov,Male,149.98.110.66
713,Adele,Duly,adulyjs@hibu.com,Female,150.42.46.197
714,Trstram,Roma,tromajt@icio.us,Male,160.166.91.107
715,Renato,Bounds,rboundsju@springer.com,Male,93.223.251.118
716,Nicki,Lewing,nlewingjv@ezinearticles.com,Female,215.247.42.46
717,Briny,Lazell,blazelljw@noaa.gov,Female,39.48.51.84
718,Emalee,Sheere,esheerejx@t.co,Female,148.245.41.48
719,Chicky,Gonet,cgonetjy@thetimes.co.uk,Female,50.47.232.17
720,Robinette,Bubeer,rbubeerjz@statcounter.com,Female,242.127.37.17
721,Michail,Feaster,mfeasterk0@163.com,Male,46.128.239.107
722,Emelda,Bahde,ebahdek1@mayoclinic.com,Female,178.251.87.34
723,Willa,Daddow,wdaddowk2@mediafire.com,Female,227.213.223.123
724,Margareta,Swayne,mswaynek3@deliciousdays.com,Female,123.165.235.18
725,Sukey,Letixier,sletixierk4@angelfire.com,Polygender,207.16.140.59
726,Daren,Martineau,dmartineauk5@friendfeed.com,Male,174.17.83.99
727,Frasco,Skepper,fskepperk6@xinhuanet.com,Male,130.246.21.83
728,Daniella,Biasetti,dbiasettik7@delicious.com,Female,50.161.93.200
729,Devonna,Booth-Jarvis,dboothjarvisk8@seesaa.net,Female,78.200.143.66
730,Vasily,Hodgin,vhodgink9@addtoany.com,Non-binary,90.125.237.74
731,Ardis,Shimwall,ashimwallka@europa.eu,Female,206.245.253.89
732,Yard,Mayor,ymayorkb@apache.org,Male,70.246.174.13
733,Thea,Armin,tarminkc@hao123.com,Female,165.89.54.109
734,Mace,MacCahee,mmaccaheekd@patch.com,Male,48.239.164.85
735,Laurence,Clotworthy,lclotworthyke@goo.ne.jp,Male,155.154.31.5
736,Doyle,Clowsley,dclowsleykf@census.gov,Male,197.155.224.189
737,Vale,Hayman,vhaymankg@smh.com.au,Female,55.41.236.62
738,Marlon,Aizlewood,maizlewoodkh@google.ca,Male,191.172.188.66
739,Benjamin,Linnane,blinnaneki@cafepress.com,Male,117.132.182.31
740,Lani,Bitchener,lbitchenerkj@cisco.com,Female,68.218.154.110
741,Derward,Petel,dpetelkk@instagram.com,Male,82.130.24.184
742,Laughton,Sutton,lsuttonkl@deliciousdays.com,Male,31.75.82.141
743,Cathe,Catherall,ccatherallkm@booking.com,Female,165.21.208.148
744,Maria,Hugues,mhugueskn@squarespace.com,Female,67.198.135.164
745,Ashlan,Iwanczyk,aiwanczykko@t.co,Female,201.96.38.25
746,Juliann,Moncarr,jmoncarrkp@irs.gov,Female,21.28.13.38
747,Crystie,Hallin,challinkq@flickr.com,Female,45.229.249.23
748,Audi,Adame,aadamekr@ebay.com,Female,172.17.41.148
749,Tawnya,Brickstock,tbrickstockks@blogs.com,Female,89.229.13.160
750,Miquela,Alenikov,malenikovkt@people.com.cn,Female,173.216.126.12
751,Stuart,Extence,sextenceku@google.com.hk,Male,3.174.243.131
752,Jessika,Piggin,jpigginkv@netlog.com,Female,147.126.169.112
753,Grove,Pitrasso,gpitrassokw@mapy.cz,Male,251.33.24.189
754,Siouxie,Dytham,sdythamkx@globo.com,Female,51.53.202.174
755,Robert,Curtain,rcurtainky@discuz.net,Male,135.16.181.112
756,Nelson,Ourry,nourrykz@geocities.jp,Male,235.155.190.134
757,Gayel,Morgan,gmorganl0@vk.com,Female,56.127.71.135
758,Lynne,Minnock,lminnockl1@de.vu,Female,166.171.55.206
759,Niki,Vallery,nvalleryl2@edublogs.org,Male,101.245.53.135
760,Belicia,Caverhill,bcaverhilll3@ocn.ne.jp,Female,76.102.136.44
761,Shandie,Hailwood,shailwoodl4@bloglovin.com,Female,82.235.72.242
762,Dov,Lyal,dlyall5@prlog.org,Polygender,114.114.27.74
763,Wittie,Marklew,wmarklewl6@yolasite.com,Male,224.98.148.133
764,Pandora,Woodstock,pwoodstockl7@bizjournals.com,Female,68.107.180.139
765,Merridie,Dwelley,mdwelleyl8@fastcompany.com,Female,171.205.178.26
766,Ernest,Pendlebery,ependleberyl9@gravatar.com,Male,94.232.127.235
767,Alister,Anthony,aanthonyla@washingtonpost.com,Male,198.199.186.249
768,Nikos,Brodley,nbrodleylb@umich.edu,Male,182.119.10.52
769,Ellerey,Ondricek,eondriceklc@goo.gl,Male,97.4.95.240
770,Isidore,Bonaire,ibonaireld@github.io,Male,173.125.42.144
771,Antin,Presland,apreslandle@cloudflare.com,Male,26.146.167.165
772,Tarra,Veltmann,tveltmannlf@ovh.net,Female,143.140.147.193
773,Birgit,Escalante,bescalantelg@cbsnews.com,Female,246.32.132.55
774,Malvin,Marchment,mmarchmentlh@scribd.com,Male,36.45.74.80
775,Arch,Hatherleigh,ahatherleighli@addthis.com,Male,57.38.210.44
776,Erek,Dikle,ediklelj@gmpg.org,Male,2.232.195.133
777,Valerye,Fine,vfinelk@scribd.com,Female,83.29.47.231
778,Harlene,Mallinar,hmallinarll@xing.com,Genderqueer,14.234.242.177
779,Kassie,Monahan,kmonahanlm@huffingtonpost.com,Female,140.232.164.61
780,Elissa,Brotherhead,ebrotherheadln@prnewswire.com,Female,131.166.150.12
781,Willy,Barclay,wbarclaylo@pen.io,Agender,230.185.49.85
782,Joletta,Bascomb,jbascomblp@ning.com,Non-binary,186.43.14.207
783,Edgardo,Kibard,ekibardlq@google.cn,Male,9.50.193.52
784,Rahal,Gheeraert,rgheeraertlr@amazon.co.jp,Female,192.37.45.186
785,Peyter,Habbeshaw,phabbeshawls@techcrunch.com,Male,159.96.52.35
786,Ram,Summerhayes,rsummerhayeslt@addtoany.com,Male,175.145.119.179
787,Esmeralda,Ridgewell,eridgewelllu@indiatimes.com,Female,133.101.236.179
788,Pacorro,Buyers,pbuyerslv@merriam-webster.com,Male,193.234.205.105
789,Avrit,Johansen,ajohansenlw@vinaora.com,Female,174.250.224.208
790,Eydie,Gavan,egavanlx@nhs.uk,Female,59.213.47.106
791,Pooh,Brennans,pbrennansly@ibm.com,Female,182.146.35.34
792,Kennan,Rylands,krylandslz@is.gd,Male,39.180.166.188
793,Donni,Copo,dcopom0@utexas.edu,Female,98.79.36.213
794,Madelle,Lowthorpe,mlowthorpem1@wsj.com,Female,166.237.200.98
795,Vivi,Madelin,vmadelinm2@fc2.com,Female,7.25.2.145
796,Rakel,Andrey,randreym3@uol.com.br,Female,194.105.195.185
797,Meredith,Sketcher,msketcherm4@odnoklassniki.ru,Female,198.101.158.130
798,Pierson,Chasteney,pchasteneym5@ustream.tv,Male,33.173.189.226
799,Hervey,Knill,hknillm6@cbslocal.com,Male,78.3.104.11
800,Meris,Ansett,mansettm7@telegraph.co.uk,Female,113.26.204.101
801,Jerald,Hugues,jhuguesm8@yale.edu,Male,35.238.182.12
802,Reinhard,Beney,rbeneym9@dot.gov,Male,23.230.242.3
803,Boyce,MacVagh,bmacvaghma@topsy.com,Male,186.103.214.33
804,Martita,Fordy,mfordymb@oracle.com,Female,217.185.90.161
805,Malina,Flawn,mflawnmc@youku.com,Genderfluid,100.211.56.34
806,Carter,Brandenberg,cbrandenbergmd@istockphoto.com,Male,212.1.95.46
807,Ulric,Trymme,utrymmeme@dyndns.org,Bigender,34.154.44.196
808,Fairlie,Egle,feglemf@ifeng.com,Male,67.253.142.72
809,Wilmette,Christofol,wchristofolmg@yale.edu,Female,134.82.61.191
810,Rani,Gladtbach,rgladtbachmh@virginia.edu,Female,114.177.54.155
811,Alyss,Sapir,asapirmi@fotki.com,Female,218.234.181.4
812,Thomasina,Reckus,treckusmj@pbs.org,Female,130.160.154.139
813,Arlen,Scutt,ascuttmk@ihg.com,Female,183.34.109.61
814,Ursuline,Pomphrey,upomphreyml@businessinsider.com,Female,217.183.156.24
815,Theresita,Hamal,thamalmm@eepurl.com,Non-binary,34.12.10.88
816,Merrielle,Ghilks,mghilksmn@vimeo.com,Female,10.62.184.136
817,Kelvin,Ternent,kternentmo@godaddy.com,Non-binary,236.1.166.69
818,Sheffy,Dodridge,sdodridgemp@ucoz.ru,Male,176.70.134.1
819,Kania,Jina,kjinamq@timesonline.co.uk,Female,2.130.80.199
820,Elsinore,Kaas,ekaasmr@examiner.com,Female,199.232.121.216
821,Huntlee,Gauson,hgausonms@dot.gov,Male,106.177.232.2
822,Yehudi,Ninnis,yninnismt@comcast.net,Male,18.155.140.52
823,Kippy,Pindell,kpindellmu@nifty.com,Female,48.230.162.145
824,Sandy,Alabaster,salabastermv@csmonitor.com,Male,67.8.5.204
825,Gwenneth,Vallery,gvallerymw@msu.edu,Female,221.188.230.5
826,Cameron,Steanson,csteansonmx@printfriendly.com,Male,46.230.234.45
827,Rodrique,Allcock,rallcockmy@ihg.com,Male,82.134.133.169
828,Rolph,Arbuckel,rarbuckelmz@cnn.com,Male,251.73.124.219
829,Meredith,Eales,mealesn0@g.co,Genderqueer,11.154.147.62
830,Freddy,Redihalgh,fredihalghn1@alibaba.com,Female,212.96.182.23
831,Fleurette,Jelphs,fjelphsn2@nationalgeographic.com,Female,39.155.56.249
832,Gay,Leale,glealen3@eepurl.com,Male,249.78.165.208
833,Aurthur,Alleyn,aalleynn4@mashable.com,Male,237.77.188.168
834,Nickolai,Spilsted,nspilstedn5@nba.com,Non-binary,235.154.42.208
835,Wilden,Walsh,wwalshn6@liveinternet.ru,Male,53.35.67.130
836,Octavius,Simeonov,osimeonovn7@google.ru,Male,1.40.89.125
837,Idette,Whalebelly,iwhalebellyn8@zimbio.com,Female,6.34.72.244
838,Gillan,Damarell,gdamarelln9@cargocollective.com,Female,123.206.219.43
839,Guy,Arbuckel,garbuckelna@japanpost.jp,Male,36.57.43.218
840,Francois,Freebury,ffreeburynb@google.nl,Male,109.100.110.188
841,Dulsea,Crofthwaite,dcrofthwaitenc@jugem.jp,Female,160.163.146.245
842,Niki,Gabey,ngabeynd@tamu.edu,Female,138.149.54.77
843,Ricardo,Klimentov,rklimentovne@vkontakte.ru,Male,158.104.241.188
844,Ruprecht,Trusdale,rtrusdalenf@cornell.edu,Male,125.179.31.124
845,Fiann,Sutor,fsutorng@reuters.com,Female,250.90.168.245
846,Roxie,Crimp,rcrimpnh@slate.com,Female,55.141.23.33
847,Alida,Adamkiewicz,aadamkiewiczni@jugem.jp,Female,68.34.145.241
848,Tamarah,Elphinstone,telphinstonenj@walmart.com,Female,200.216.113.202
849,Gothart,Goldin,ggoldinnk@artisteer.com,Male,206.217.254.232
850,Cristal,Giabuzzi,cgiabuzzinl@geocities.jp,Agender,156.204.181.155
851,Ber,Dunnett,bdunnettnm@nyu.edu,Male,96.59.214.113
852,Wenona,Giblett,wgiblettnn@dailymotion.com,Female,96.104.169.186
853,Ermin,Whylie,ewhylieno@ucla.edu,Male,79.130.113.166
854,Conney,Colten,ccoltennp@sciencedaily.com,Male,7.172.166.243
855,Merrily,Colborn,mcolbornnq@prnewswire.com,Female,93.216.1.177
856,Marianna,Shickle,mshicklenr@reverbnation.com,Female,219.176.190.156
857,Kitti,Bernardy,kbernardyns@printfriendly.com,Female,213.48.208.63
858,Reg,Croyser,rcroysernt@people.com.cn,Male,183.130.156.162
859,Hillard,Valentetti,hvalentettinu@cocolog-nifty.com,Male,96.147.188.56
860,Trixi,Sleicht,tsleichtnv@ebay.com,Female,63.189.59.208
861,Gunther,Leworthy,gleworthynw@vkontakte.ru,Male,215.139.243.49
862,Easter,Codron,ecodronnx@gizmodo.com,Polygender,19.231.227.81
863,Lilas,Roebuck,lroebuckny@hugedomains.com,Female,211.149.33.12
864,Emera,Polsin,epolsinnz@webs.com,Female,56.185.184.122
865,Carilyn,Filewood,cfilewoodo0@nytimes.com,Female,183.216.212.101
866,Netty,Novotni,nnovotnio1@craigslist.org,Female,139.113.9.199
867,Wanids,Whitticks,wwhittickso2@friendfeed.com,Female,53.141.175.53
868,Joana,Morhall,jmorhallo3@cpanel.net,Female,44.79.21.221
869,Ainslie,Drinkwater,adrinkwatero4@photobucket.com,Female,126.75.59.0
870,Derry,McGilben,dmcgilbeno5@google.es,Male,114.229.148.49
871,Roanna,Blindt,rblindto6@comsenz.com,Female,30.178.30.248
872,Evelyn,MacGillivray,emacgillivrayo7@posterous.com,Female,154.173.16.251
873,Rafaelita,Baudain,rbaudaino8@jugem.jp,Female,228.226.244.174
874,Linzy,Leeson,lleesono9@about.com,Female,136.191.149.168
875,Dennet,Thomazin,dthomazinoa@narod.ru,Male,23.30.237.185
876,Sawyer,Feaks,sfeaksob@behance.net,Male,232.170.28.98
877,Suzann,Riley,srileyoc@who.int,Female,49.130.50.93
878,Vonny,Rowes,vrowesod@hatena.ne.jp,Female,15.150.253.23
879,Jamison,Cobello,jcobellooe@springer.com,Male,236.246.133.254
880,Joceline,Wollacott,jwollacottof@amazon.co.uk,Female,46.120.78.92
881,Joshua,Grieswood,jgrieswoodog@disqus.com,Genderqueer,143.100.113.249
882,Tuck,Pottage,tpottageoh@yahoo.com,Male,245.28.5.7
883,Virgil,Baldcock,vbaldcockoi@surveymonkey.com,Male,205.88.91.87
884,Thatcher,Fleisch,tfleischoj@state.tx.us,Male,145.198.80.203
885,Antoinette,Handford,ahandfordok@webs.com,Female,92.239.205.170
886,Hurlee,Trulock,htrulockol@ihg.com,Male,123.175.60.215
887,Kass,Treherne,ktreherneom@51.la,Genderfluid,131.143.108.248
888,Livvyy,Clouter,lclouteron@addthis.com,Female,217.72.136.101
889,Ardelle,Sandells,asandellsoo@com.com,Female,164.80.215.94
890,Foss,McEwan,fmcewanop@msn.com,Agender,101.130.169.85
891,Edgardo,Mozzetti,emozzettioq@jimdo.com,Male,11.69.176.212
892,Dave,Bruun,dbruunor@patch.com,Male,96.215.133.43
893,Guillema,Dunmuir,gdunmuiros@sfgate.com,Female,182.11.56.79
894,Heloise,Dobinson,hdobinsonot@example.com,Female,54.146.68.22
895,Gabi,Gonzalvo,ggonzalvoou@pcworld.com,Female,161.133.140.36
896,Buddy,Rehme,brehmeov@foxnews.com,Male,57.215.78.44
897,Stefan,Juszczyk,sjuszczykow@phpbb.com,Male,12.16.43.223
898,Laurent,FitzGibbon,lfitzgibbonox@nifty.com,Male,192.97.171.131
899,Frazier,Trebble,ftrebbleoy@boston.com,Male,170.206.164.47
900,Hervey,Jacobowits,hjacobowitsoz@zimbio.com,Male,127.63.145.40
901,Faun,Slym,fslymp0@myspace.com,Female,2.231.68.130
902,Lem,Bullar,lbullarp1@cbsnews.com,Male,106.141.226.167
903,Joane,Guillet,jguilletp2@1688.com,Female,80.45.174.175
904,Chevy,Westman,cwestmanp3@apache.org,Male,114.137.245.97
905,Una,Martignon,umartignonp4@census.gov,Female,63.30.29.70
906,Westley,Cargen,wcargenp5@cbsnews.com,Male,117.23.28.203
907,Miguela,Noton,mnotonp6@businessweek.com,Female,83.153.58.134
908,Alden,Ballaam,aballaamp7@skype.com,Male,144.3.53.135
909,Everard,Buttler,ebuttlerp8@feedburner.com,Male,175.20.34.47
910,Oneida,Joutapaitis,ojoutapaitisp9@wix.com,Female,235.253.153.7
911,Freedman,Lawranson,flawransonpa@cornell.edu,Male,6.23.29.88
912,Lainey,Dennerly,ldennerlypb@loc.gov,Female,214.187.95.139
913,Carlin,Tamsett,ctamsettpc@creativecommons.org,Agender,129.193.214.254
914,Fayina,Quickenden,fquickendenpd@ocn.ne.jp,Female,141.93.107.183
915,Keen,Louch,klouchpe@webs.com,Male,26.169.129.15
916,Rori,Scarse,rscarsepf@addthis.com,Female,154.91.76.112
917,Buckie,Earl,bearlpg@vinaora.com,Male,63.126.167.114
918,Karin,Grishelyov,kgrishelyovph@about.me,Female,249.32.165.180
919,Peter,Hartman,phartmanpi@japanpost.jp,Male,146.226.1.24
920,Pearce,O' Liddy,poliddypj@mayoclinic.com,Male,97.112.40.60
921,Georgeanne,Joppich,gjoppichpk@utexas.edu,Female,87.112.114.82
922,Tillie,Proske,tproskepl@paginegialle.it,Female,206.200.244.190
923,Alisun,Meegin,ameeginpm@163.com,Female,5.31.90.152
924,Maudie,Allery,mallerypn@telegraph.co.uk,Female,221.233.112.53
925,Lynsey,Wollen,lwollenpo@marriott.com,Female,149.142.159.68
926,Reinhold,Lehrahan,rlehrahanpp@deliciousdays.com,Male,148.99.221.78
927,Christel,Scroggs,cscroggspq@storify.com,Female,180.71.54.133
928,Allissa,Mulgrew,amulgrewpr@discovery.com,Female,184.160.123.35
929,Timothy,Daniellot,tdaniellotps@archive.org,Male,188.237.46.19
930,Nickie,O'Fihillie,nofihilliept@prnewswire.com,Male,72.197.155.48
931,Ceciley,Larwood,clarwoodpu@over-blog.com,Female,173.49.110.169
932,Gabi,Desforges,gdesforgespv@51.la,Female,64.33.110.255
933,Wendell,Featherby,wfeatherbypw@ocn.ne.jp,Male,55.16.139.49
934,Chickie,Gander,cganderpx@mysql.com,Female,213.135.238.188
935,Sigfrid,Aimable,saimablepy@digg.com,Male,207.87.89.145
936,Nollie,Wait,nwaitpz@csmonitor.com,Genderqueer,65.209.215.131
937,Leona,Mully,lmullyq0@elpais.com,Female,23.193.44.213
938,Mamie,Cufley,mcufleyq1@bigcartel.com,Female,146.127.92.156
939,Abe,St Ledger,astledgerq2@sakura.ne.jp,Male,12.77.81.175
940,Ortensia,Bousfield,obousfieldq3@jimdo.com,Female,190.70.44.102
941,Maximilianus,Clemont,mclemontq4@businesswire.com,Male,179.31.183.246
942,Georgi,Bertholin,gbertholinq5@alibaba.com,Male,67.83.146.67
943,Lorrayne,Treadwell,ltreadwellq6@nydailynews.com,Female,219.122.114.89
944,Merle,Tough,mtoughq7@t.co,Male,213.126.61.246
945,Phyllys,Gerrets,pgerretsq8@flavors.me,Female,60.255.95.107
946,Cherish,Ambroix,cambroixq9@salon.com,Female,37.39.143.166
947,Lucina,Lubomirski,llubomirskiqa@mtv.com,Female,166.45.252.12
948,Karissa,Faragan,kfaraganqb@infoseek.co.jp,Female,6.120.106.2
949,Leia,Dreinan,ldreinanqc@technorati.com,Female,238.65.167.129
950,Kynthia,Goodhall,kgoodhallqd@paypal.com,Female,103.75.163.45
951,Carlie,Lagde,clagdeqe@europa.eu,Female,42.249.1.224
952,George,Greenshields,ggreenshieldsqf@archive.org,Male,77.186.106.134
953,Lisle,Kielt,lkieltqg@topsy.com,Male,213.236.65.206
954,Gael,Philcock,gphilcockqh@51.la,Female,255.149.51.91
955,Ealasaid,Portigall,eportigallqi@cbsnews.com,Female,38.87.132.180
956,Adham,Digan,adiganqj@businesswire.com,Male,174.33.35.16
957,Caren,Redpath,credpathqk@wikimedia.org,Female,221.116.222.186
958,Marcelia,Hymor,mhymorql@acquirethisname.com,Female,27.68.99.35
959,Humfried,Eger,hegerqm@discuz.net,Male,19.186.166.211
960,Brittani,Clelle,bclelleqn@ovh.net,Female,55.4.168.33
961,Chloris,Postans,cpostansqo@youtube.com,Female,23.4.67.131
962,Kellina,Kelso,kkelsoqp@prlog.org,Female,255.201.50.249
963,Harrie,Agnolo,hagnoloqq@soundcloud.com,Non-binary,110.236.157.52
964,Cirillo,Rippen,crippenqr@taobao.com,Male,31.161.184.146
965,Jilly,Littlepage,jlittlepageqs@toplist.cz,Female,124.145.155.71
966,Karlene,Thorius,kthoriusqt@addtoany.com,Female,83.214.197.223
967,Orrin,Evins,oevinsqu@bandcamp.com,Male,104.160.134.203
968,Oneida,Sale,osaleqv@zdnet.com,Female,151.175.194.53
969,Ashbey,Masi,amasiqw@constantcontact.com,Male,224.155.217.218
970,Daile,MacAulay,dmacaulayqx@nifty.com,Female,44.78.134.184
971,Felice,Sheldrick,fsheldrickqy@a8.net,Male,241.181.206.118
972,Gretal,Steggles,gstegglesqz@privacy.gov.au,Female,41.112.29.88
973,Antonino,Mangenot,amangenotr0@mapquest.com,Male,252.60.123.157
974,Titus,Ramalho,tramalhor1@networksolutions.com,Male,10.144.140.231
975,Priscilla,Thornally,pthornallyr2@vinaora.com,Female,243.106.112.108
976,Whitby,Rawlison,wrawlisonr3@rediff.com,Male,41.176.255.203
977,Felisha,Stanfield,fstanfieldr4@nhs.uk,Female,215.93.32.221
978,Filip,MacAfee,fmacafeer5@ihg.com,Male,211.231.109.226
979,Karim,Kinman,kkinmanr6@yahoo.co.jp,Male,227.149.74.136
980,Leland,Gilligan,lgilliganr7@google.com.hk,Male,48.25.106.47
981,Jody,Baudon,jbaudonr8@nps.gov,Male,223.128.152.81
982,Gradeigh,Chyuerton,gchyuertonr9@archive.org,Polygender,70.212.144.106
983,Marwin,Schubart,mschubartra@dyndns.org,Male,34.129.83.62
984,Darrelle,Landrean,dlandreanrb@census.gov,Female,231.41.157.217
985,Othilie,Dalby,odalbyrc@dell.com,Female,2.213.234.195
986,Miran,O'Toole,motoolerd@ftc.gov,Female,141.187.86.183
987,Keslie,Jeeves,kjeevesre@cam.ac.uk,Female,85.53.191.146
988,Maritsa,Wortley,mwortleyrf@qq.com,Female,189.88.212.164
989,Brand,Tunno,btunnorg@ftc.gov,Male,245.216.246.121
990,Ethan,De La Cote,edelacoterh@nsw.gov.au,Male,82.136.141.165
991,Florencia,Bearfoot,fbearfootri@salon.com,Female,113.23.210.126
992,Jessie,Vitler,jvitlerrj@tiny.cc,Male,132.81.101.69
993,Gil,Bedberry,gbedberryrk@bluehost.com,Male,2.150.47.175
994,Sylvia,Pellant,spellantrl@merriam-webster.com,Female,31.235.177.103
995,Crosby,Attenbarrow,cattenbarrowrm@ifeng.com,Male,25.79.18.110
996,Dionisio,Huc,dhucrn@github.com,Male,3.40.123.145
997,Juliette,Helbeck,jhelbeckro@godaddy.com,Female,136.117.80.92
998,Katharina,Brafferton,kbraffertonrp@howstuffworks.com,Female,80.97.92.6
999,Jo ann,Selwood,jselwoodrq@moonfruit.com,Female,114.56.214.33
1000,Obed,Lumby,olumbyrr@mapy.cz,Male,114.219.44.90
